review_title,game_review,game_id,user_id,rating_value,view_counter
Needs Better Optimization,"This game ended up being far more immersive than I expected. The world feels alive, side quests are meaningful, and exploration constantly rewards curiosity. Performance issues still exist in some larger areas, but the core gameplay loop is strong enough that I kept coming back for more.",29,7,5,414
Solid RPG,Performance issues hurt the experience.,59,11,1,154
Excellent Exploration,Progression becomes repetitive later on.,59,6,3,158
Great Multiplayer,Strong open world exploration systems.,54,6,1,186
Great Multiplayer,Boss fights were surprisingly memorable.,81,5,1,402
Disappointing Endgame,Strong open world exploration systems.,2,2,3,348
Amazing Combat,Combat feels smooth and responsive.,20,11,1,491
Needs Better Optimization,"What surprised me most was how naturally the world design encouraged exploration. Small villages, hidden caves, faction conflicts, and random encounters constantly pulled me away from the main story in the best possible way.",55,12,5,7
Needs Better Optimization,Performance issues hurt the experience.,78,8,4,5
Worth Playing,Combat feels smooth and responsive.,36,4,1,338
Great Multiplayer,Strong open world exploration systems.,92,3,5,272
Amazing Combat,Combat feels smooth and responsive.,11,11,1,136
Excellent Exploration,Really fun with friends.,53,2,2,307
Too Grindy,The visuals are genuinely impressive.,82,10,4,258
Worth Playing,"What surprised me most was how naturally the world design encouraged exploration. Small villages, hidden caves, faction conflicts, and random encounters constantly pulled me away from the main story in the best possible way.",83,11,1,126
Excellent Exploration,Really fun with friends.,72,6,1,25
Excellent Exploration,Combat feels smooth and responsive.,36,4,2,45
Amazing Combat,Strong open world exploration systems.,98,11,4,120
Worth Playing,Boss fights were surprisingly memorable.,3,4,4,123
Worth Playing,Crafting and progression systems work well.,94,12,3,273
Excellent Exploration,Combat feels smooth and responsive.,3,5,3,124
Disappointing Endgame,"This game ended up being far more immersive than I expected. The world feels alive, side quests are meaningful, and exploration constantly rewards curiosity. Performance issues still exist in some larger areas, but the core gameplay loop is strong enough that I kept coming back for more.",13,4,3,226
Amazing Combat,Good soundtrack and atmosphere.,6,11,1,414
Great Multiplayer,Performance issues hurt the experience.,99,10,2,341
Excellent Exploration,Combat feels smooth and responsive.,41,2,3,260
Solid RPG,Boss fights were surprisingly memorable.,28,8,1,260
Fantastic Story,Boss fights were surprisingly memorable.,37,11,5,131
Needs Better Optimization,Really fun with friends.,76,2,1,31
Solid RPG,"This game ended up being far more immersive than I expected. The world feels alive, side quests are meaningful, and exploration constantly rewards curiosity. Performance issues still exist in some larger areas, but the core gameplay loop is strong enough that I kept coming back for more.",92,4,4,311
Solid RPG,Progression becomes repetitive later on.,79,4,4,329
Excellent Exploration,Performance issues hurt the experience.,22,10,4,162
Excellent Exploration,Really fun with friends.,30,7,4,4
Excellent Exploration,Crafting and progression systems work well.,20,5,3,355
Too Grindy,Combat feels smooth and responsive.,30,10,1,95
Amazing Combat,Progression becomes repetitive later on.,57,6,3,322
Beautiful World,"This game ended up being far more immersive than I expected. The world feels alive, side quests are meaningful, and exploration constantly rewards curiosity. Performance issues still exist in some larger areas, but the core gameplay loop is strong enough that I kept coming back for more.",60,4,4,440
Solid RPG,Really fun with friends.,89,11,2,27
Excellent Exploration,Really fun with friends.,33,11,1,186
Great Multiplayer,Really fun with friends.,14,1,2,352
Excellent Exploration,The visuals are genuinely impressive.,14,5,2,81
Too Grindy,Combat feels smooth and responsive.,61,3,2,63
Solid RPG,Quest design is much better than expected.,51,9,4,181
Too Grindy,"The game combines large scale open world exploration with cinematic storytelling in a way that feels heavily inspired by older fantasy RPGs. Combat is satisfying, progression systems are rewarding, and discovering hidden regions never stopped being enjoyable throughout the experience.",23,4,3,80
Fantastic Story,Good soundtrack and atmosphere.,42,9,3,154
Great Multiplayer,Quest design is much better than expected.,3,9,3,130
Worth Playing,The visuals are genuinely impressive.,92,3,4,248
Beautiful World,Combat feels smooth and responsive.,16,6,1,14
Disappointing Endgame,Quest design is much better than expected.,66,12,4,468
Needs Better Optimization,Performance issues hurt the experience.,79,2,2,233
Solid RPG,"The game combines large scale open world exploration with cinematic storytelling in a way that feels heavily inspired by older fantasy RPGs. Combat is satisfying, progression systems are rewarding, and discovering hidden regions never stopped being enjoyable throughout the experience.",28,8,1,409
Too Grindy,Quest design is much better than expected.,18,10,1,342
Solid RPG,Boss fights were surprisingly memorable.,57,7,2,387
Excellent Exploration,Really fun with friends.,63,4,2,107
Excellent Exploration,Combat feels smooth and responsive.,75,3,5,401
Beautiful World,Crafting and progression systems work well.,42,11,1,240
Amazing Combat,Combat feels smooth and responsive.,97,8,1,112
Disappointing Endgame,"This game ended up being far more immersive than I expected. The world feels alive, side quests are meaningful, and exploration constantly rewards curiosity. Performance issues still exist in some larger areas, but the core gameplay loop is strong enough that I kept coming back for more.",73,5,1,14
Amazing Combat,Strong open world exploration systems.,10,12,3,147
Solid RPG,Really fun with friends.,71,4,3,2
Excellent Exploration,Quest design is much better than expected.,5,3,4,232
Beautiful World,Boss fights were surprisingly memorable.,83,1,3,443
Excellent Exploration,Boss fights were surprisingly memorable.,46,12,4,326
Solid RPG,Strong open world exploration systems.,53,3,1,62
Needs Better Optimization,"What surprised me most was how naturally the world design encouraged exploration. Small villages, hidden caves, faction conflicts, and random encounters constantly pulled me away from the main story in the best possible way.",14,10,2,315
Amazing Combat,Progression becomes repetitive later on.,30,12,2,239
Too Grindy,Progression becomes repetitive later on.,95,1,5,272
Amazing Combat,Progression becomes repetitive later on.,40,12,2,37
Too Grindy,Good soundtrack and atmosphere.,66,9,2,281
Excellent Exploration,Quest design is much better than expected.,99,2,3,364
Fantastic Story,Good soundtrack and atmosphere.,79,9,3,284
Too Grindy,"The game combines large scale open world exploration with cinematic storytelling in a way that feels heavily inspired by older fantasy RPGs. Combat is satisfying, progression systems are rewarding, and discovering hidden regions never stopped being enjoyable throughout the experience.",75,3,4,422
Solid RPG,The visuals are genuinely impressive.,33,6,2,88
Too Grindy,The visuals are genuinely impressive.,33,8,4,19
Solid RPG,Quest design is much better than expected.,83,4,1,360
Beautiful World,Combat feels smooth and responsive.,50,7,2,58
Great Multiplayer,Strong open world exploration systems.,76,11,2,166
Solid RPG,Strong open world exploration systems.,97,1,5,419
Too Grindy,"This game ended up being far more immersive than I expected. The world feels alive, side quests are meaningful, and exploration constantly rewards curiosity. Performance issues still exist in some larger areas, but the core gameplay loop is strong enough that I kept coming back for more.",54,7,2,123
Disappointing Endgame,Strong open world exploration systems.,18,2,4,211
Disappointing Endgame,Quest design is much better than expected.,29,8,4,392
Amazing Combat,Strong open world exploration systems.,77,11,3,146
Great Multiplayer,Performance issues hurt the experience.,25,4,2,401
Solid RPG,Strong open world exploration systems.,13,10,4,47
Fantastic Story,Boss fights were surprisingly memorable.,3,3,1,244
Beautiful World,"This game ended up being far more immersive than I expected. The world feels alive, side quests are meaningful, and exploration constantly rewards curiosity. Performance issues still exist in some larger areas, but the core gameplay loop is strong enough that I kept coming back for more.",70,2,1,25
Solid RPG,Good soundtrack and atmosphere.,94,10,3,302
Great Multiplayer,Quest design is much better than expected.,58,11,5,498
Worth Playing,Really fun with friends.,76,9,1,178
Needs Better Optimization,Quest design is much better than expected.,42,8,4,394
Beautiful World,Good soundtrack and atmosphere.,97,12,5,174
Solid RPG,Quest design is much better than expected.,99,8,5,458
Disappointing Endgame,"This game ended up being far more immersive than I expected. The world feels alive, side quests are meaningful, and exploration constantly rewards curiosity. Performance issues still exist in some larger areas, but the core gameplay loop is strong enough that I kept coming back for more.",89,8,4,78
Too Grindy,Performance issues hurt the experience.,66,3,1,370
Fantastic Story,The visuals are genuinely impressive.,11,3,3,216
Amazing Combat,Strong open world exploration systems.,30,11,4,367
Solid RPG,Quest design is much better than expected.,56,12,1,402
Needs Better Optimization,Crafting and progression systems work well.,55,7,1,10
Great Multiplayer,Crafting and progression systems work well.,76,11,1,493
Too Grindy,"This game ended up being far more immersive than I expected. The world feels alive, side quests are meaningful, and exploration constantly rewards curiosity. Performance issues still exist in some larger areas, but the core gameplay loop is strong enough that I kept coming back for more.",34,1,1,465
Fantastic Story,Performance issues hurt the experience.,9,3,1,186
Amazing Combat,The visuals are genuinely impressive.,74,7,5,137
Great Multiplayer,Performance issues hurt the experience.,32,11,2,141
Amazing Combat,Quest design is much better than expected.,19,3,2,216
Beautiful World,Combat feels smooth and responsive.,76,4,2,65
Needs Better Optimization,Really fun with friends.,36,8,5,352
Solid RPG,"This game ended up being far more immersive than I expected. The world feels alive, side quests are meaningful, and exploration constantly rewards curiosity. Performance issues still exist in some larger areas, but the core gameplay loop is strong enough that I kept coming back for more.",15,9,3,138
Beautiful World,Performance issues hurt the experience.,50,6,1,247
Too Grindy,Crafting and progression systems work well.,45,11,1,145
Disappointing Endgame,Crafting and progression systems work well.,53,2,5,265
Disappointing Endgame,Boss fights were surprisingly memorable.,4,5,4,295
Disappointing Endgame,Combat feels smooth and responsive.,20,5,4,268
Solid RPG,Crafting and progression systems work well.,52,9,5,285
Amazing Combat,"What surprised me most was how naturally the world design encouraged exploration. Small villages, hidden caves, faction conflicts, and random encounters constantly pulled me away from the main story in the best possible way.",15,10,3,351
Solid RPG,Strong open world exploration systems.,31,5,2,216
Too Grindy,Progression becomes repetitive later on.,95,10,2,46
Beautiful World,Crafting and progression systems work well.,22,10,1,19
Great Multiplayer,Good soundtrack and atmosphere.,68,5,1,215
Amazing Combat,Quest design is much better than expected.,10,10,3,266
Amazing Combat,Progression becomes repetitive later on.,70,7,1,259
Needs Better Optimization,"This game ended up being far more immersive than I expected. The world feels alive, side quests are meaningful, and exploration constantly rewards curiosity. Performance issues still exist in some larger areas, but the core gameplay loop is strong enough that I kept coming back for more.",85,11,3,360
Worth Playing,Performance issues hurt the experience.,23,2,5,37
Solid RPG,Good soundtrack and atmosphere.,65,10,1,37
Solid RPG,Crafting and progression systems work well.,38,3,3,246
Too Grindy,Performance issues hurt the experience.,35,11,1,282
Worth Playing,The visuals are genuinely impressive.,51,9,3,217
Great Multiplayer,Boss fights were surprisingly memorable.,17,6,4,36
Fantastic Story,"The game combines large scale open world exploration with cinematic storytelling in a way that feels heavily inspired by older fantasy RPGs. Combat is satisfying, progression systems are rewarding, and discovering hidden regions never stopped being enjoyable throughout the experience.",22,11,5,293
Great Multiplayer,Strong open world exploration systems.,59,4,1,427
Solid RPG,Crafting and progression systems work well.,8,11,4,410
Fantastic Story,Crafting and progression systems work well.,8,5,4,30
Disappointing Endgame,Really fun with friends.,40,9,1,283
Too Grindy,Quest design is much better than expected.,5,5,1,251
Disappointing Endgame,Crafting and progression systems work well.,73,2,3,473
Worth Playing,"The game combines large scale open world exploration with cinematic storytelling in a way that feels heavily inspired by older fantasy RPGs. Combat is satisfying, progression systems are rewarding, and discovering hidden regions never stopped being enjoyable throughout the experience.",31,1,4,500
Needs Better Optimization,Good soundtrack and atmosphere.,95,7,3,205
Great Multiplayer,Strong open world exploration systems.,31,6,1,290
Needs Better Optimization,The visuals are genuinely impressive.,57,10,5,382
Too Grindy,Really fun with friends.,37,7,5,366
Excellent Exploration,Performance issues hurt the experience.,61,5,3,313
Too Grindy,The visuals are genuinely impressive.,67,6,5,53
Needs Better Optimization,"The game combines large scale open world exploration with cinematic storytelling in a way that feels heavily inspired by older fantasy RPGs. Combat is satisfying, progression systems are rewarding, and discovering hidden regions never stopped being enjoyable throughout the experience.",8,2,2,69
Beautiful World,The visuals are genuinely impressive.,6,6,5,281
Excellent Exploration,Performance issues hurt the experience.,55,8,5,243
Needs Better Optimization,The visuals are genuinely impressive.,92,8,5,189
Disappointing Endgame,Quest design is much better than expected.,73,1,1,342
Excellent Exploration,Crafting and progression systems work well.,80,5,4,434
Fantastic Story,Good soundtrack and atmosphere.,6,1,1,346
Disappointing Endgame,"What surprised me most was how naturally the world design encouraged exploration. Small villages, hidden caves, faction conflicts, and random encounters constantly pulled me away from the main story in the best possible way.",74,2,2,120
Fantastic Story,Crafting and progression systems work well.,6,1,4,7
Excellent Exploration,Combat feels smooth and responsive.,80,1,4,219
Fantastic Story,The visuals are genuinely impressive.,35,1,1,192
Amazing Combat,Combat feels smooth and responsive.,36,9,1,13
Worth Playing,Good soundtrack and atmosphere.,54,9,2,199
Fantastic Story,Progression becomes repetitive later on.,49,1,5,183
Amazing Combat,"What surprised me most was how naturally the world design encouraged exploration. Small villages, hidden caves, faction conflicts, and random encounters constantly pulled me away from the main story in the best possible way.",97,11,1,125
Too Grindy,Progression becomes repetitive later on.,68,7,3,102
Fantastic Story,Good soundtrack and atmosphere.,99,11,3,267
Beautiful World,Combat feels smooth and responsive.,27,8,2,465
Fantastic Story,Boss fights were surprisingly memorable.,98,5,5,348
Worth Playing,Progression becomes repetitive later on.,76,5,5,169
Disappointing Endgame,Progression becomes repetitive later on.,45,11,3,299
Amazing Combat,"The game combines large scale open world exploration with cinematic storytelling in a way that feels heavily inspired by older fantasy RPGs. Combat is satisfying, progression systems are rewarding, and discovering hidden regions never stopped being enjoyable throughout the experience.",9,5,4,102
Needs Better Optimization,The visuals are genuinely impressive.,43,2,1,87
Solid RPG,Boss fights were surprisingly memorable.,6,9,3,160
Fantastic Story,Strong open world exploration systems.,28,6,2,220
Needs Better Optimization,Good soundtrack and atmosphere.,68,11,5,275
Excellent Exploration,Good soundtrack and atmosphere.,69,5,1,217
Solid RPG,Progression becomes repetitive later on.,79,9,4,278
Beautiful World,"What surprised me most was how naturally the world design encouraged exploration. Small villages, hidden caves, faction conflicts, and random encounters constantly pulled me away from the main story in the best possible way.",75,3,2,8
Fantastic Story,Quest design is much better than expected.,62,2,4,451
Solid RPG,Combat feels smooth and responsive.,29,12,1,470
Excellent Exploration,Quest design is much better than expected.,17,6,1,114
Fantastic Story,Good soundtrack and atmosphere.,84,3,2,93
Worth Playing,Quest design is much better than expected.,87,11,2,27
Fantastic Story,The visuals are genuinely impressive.,1,8,2,187
Beautiful World,"The game combines large scale open world exploration with cinematic storytelling in a way that feels heavily inspired by older fantasy RPGs. Combat is satisfying, progression systems are rewarding, and discovering hidden regions never stopped being enjoyable throughout the experience.",21,8,3,98
Too Grindy,Really fun with friends.,82,7,5,186
Fantastic Story,Performance issues hurt the experience.,97,7,3,161
Solid RPG,Crafting and progression systems work well.,8,2,5,346
Amazing Combat,Crafting and progression systems work well.,7,3,3,262
Excellent Exploration,Strong open world exploration systems.,45,7,3,251
Needs Better Optimization,Quest design is much better than expected.,49,10,1,217
Needs Better Optimization,"This game ended up being far more immersive than I expected. The world feels alive, side quests are meaningful, and exploration constantly rewards curiosity. Performance issues still exist in some larger areas, but the core gameplay loop is strong enough that I kept coming back for more.",66,1,5,500
Amazing Combat,Performance issues hurt the experience.,78,8,4,214
Worth Playing,Progression becomes repetitive later on.,55,10,4,64
Needs Better Optimization,Quest design is much better than expected.,23,12,3,233
Excellent Exploration,Good soundtrack and atmosphere.,97,2,5,392
Excellent Exploration,Progression becomes repetitive later on.,46,12,2,413
Too Grindy,The visuals are genuinely impressive.,66,1,2,306
Excellent Exploration,"What surprised me most was how naturally the world design encouraged exploration. Small villages, hidden caves, faction conflicts, and random encounters constantly pulled me away from the main story in the best possible way.",82,3,4,341
Solid RPG,Quest design is much better than expected.,71,1,1,13
Worth Playing,Strong open world exploration systems.,66,11,3,407
Fantastic Story,Crafting and progression systems work well.,12,6,5,497
Worth Playing,The visuals are genuinely impressive.,14,1,2,298
Solid RPG,The visuals are genuinely impressive.,79,12,5,146
Worth Playing,Performance issues hurt the experience.,45,1,2,388
Solid RPG,"The game combines large scale open world exploration with cinematic storytelling in a way that feels heavily inspired by older fantasy RPGs. Combat is satisfying, progression systems are rewarding, and discovering hidden regions never stopped being enjoyable throughout the experience.",51,5,1,210
Too Grindy,Boss fights were surprisingly memorable.,59,8,4,61
Amazing Combat,Strong open world exploration systems.,4,1,1,483
Too Grindy,The visuals are genuinely impressive.,86,4,5,338
Too Grindy,Good soundtrack and atmosphere.,2,2,1,289
Worth Playing,Boss fights were surprisingly memorable.,41,11,4,120
Amazing Combat,The visuals are genuinely impressive.,49,12,3,283
Beautiful World,"The game combines large scale open world exploration with cinematic storytelling in a way that feels heavily inspired by older fantasy RPGs. Combat is satisfying, progression systems are rewarding, and discovering hidden regions never stopped being enjoyable throughout the experience.",79,9,5,471
Disappointing Endgame,Quest design is much better than expected.,33,8,5,85
Needs Better Optimization,Progression becomes repetitive later on.,82,1,1,326
Fantastic Story,Combat feels smooth and responsive.,45,5,5,80
Amazing Combat,The visuals are genuinely impressive.,96,4,1,2
Worth Playing,The visuals are genuinely impressive.,7,8,3,348
Worth Playing,Strong open world exploration systems.,29,7,1,304
Excellent Exploration,"This game ended up being far more immersive than I expected. The world feels alive, side quests are meaningful, and exploration constantly rewards curiosity. Performance issues still exist in some larger areas, but the core gameplay loop is strong enough that I kept coming back for more.",85,1,4,470
Solid RPG,The visuals are genuinely impressive.,70,6,1,34
Disappointing Endgame,Strong open world exploration systems.,66,12,2,481
Beautiful World,Quest design is much better than expected.,66,9,4,28
Disappointing Endgame,Performance issues hurt the experience.,12,7,4,144
Needs Better Optimization,Boss fights were surprisingly memorable.,6,11,2,393
Needs Better Optimization,Performance issues hurt the experience.,96,12,4,194
Too Grindy,"This game ended up being far more immersive than I expected. The world feels alive, side quests are meaningful, and exploration constantly rewards curiosity. Performance issues still exist in some larger areas, but the core gameplay loop is strong enough that I kept coming back for more.",27,5,1,144
Worth Playing,Performance issues hurt the experience.,33,10,3,193
Beautiful World,Crafting and progression systems work well.,96,1,3,50
Amazing Combat,Quest design is much better than expected.,33,7,5,475
Solid RPG,Combat feels smooth and responsive.,16,4,1,448
Disappointing Endgame,Crafting and progression systems work well.,66,1,2,222
Beautiful World,Crafting and progression systems work well.,48,7,2,426
Excellent Exploration,"What surprised me most was how naturally the world design encouraged exploration. Small villages, hidden caves, faction conflicts, and random encounters constantly pulled me away from the main story in the best possible way.",3,8,4,381
Worth Playing,Crafting and progression systems work well.,73,6,1,233
Fantastic Story,Good soundtrack and atmosphere.,17,11,1,207
Fantastic Story,Performance issues hurt the experience.,37,10,3,61
Amazing Combat,Boss fights were surprisingly memorable.,25,12,2,243
Great Multiplayer,Boss fights were surprisingly memorable.,65,5,2,198
Needs Better Optimization,Performance issues hurt the experience.,71,6,3,184
Disappointing Endgame,"This game ended up being far more immersive than I expected. The world feels alive, side quests are meaningful, and exploration constantly rewards curiosity. Performance issues still exist in some larger areas, but the core gameplay loop is strong enough that I kept coming back for more.",47,5,4,180
Needs Better Optimization,Quest design is much better than expected.,2,2,5,179
Too Grindy,Good soundtrack and atmosphere.,73,7,2,13
Beautiful World,Crafting and progression systems work well.,50,9,2,97
Needs Better Optimization,Really fun with friends.,45,8,4,17
Solid RPG,Performance issues hurt the experience.,92,11,4,161
Beautiful World,Boss fights were surprisingly memorable.,28,12,4,98
Excellent Exploration,"What surprised me most was how naturally the world design encouraged exploration. Small villages, hidden caves, faction conflicts, and random encounters constantly pulled me away from the main story in the best possible way.",29,5,4,68
Disappointing Endgame,Strong open world exploration systems.,15,8,1,137
Fantastic Story,Strong open world exploration systems.,93,7,2,36
Amazing Combat,Really fun with friends.,22,9,5,146
Solid RPG,Crafting and progression systems work well.,27,7,5,121
Great Multiplayer,Strong open world exploration systems.,89,4,1,174
Beautiful World,Crafting and progression systems work well.,79,1,4,436
Great Multiplayer,"What surprised me most was how naturally the world design encouraged exploration. Small villages, hidden caves, faction conflicts, and random encounters constantly pulled me away from the main story in the best possible way.",72,3,5,259
Amazing Combat,Combat feels smooth and responsive.,34,7,4,173
Great Multiplayer,Really fun with friends.,91,11,1,209
Fantastic Story,The visuals are genuinely impressive.,15,5,3,159
Great Multiplayer,Crafting and progression systems work well.,42,10,3,244
